<?xml version="1.0" encoding="utf-8"?>
<odoo>
    <data noupdate='0'>
        
        <record id="module_category_documents_portal_management" model="ir.module.category">
                <field name="name">Documents</field>
                <field name="description">Allows you to manage your documents.</field>
                <field name="sequence">1</field>
        </record>

        <record id="group_document_user" model="res.groups">
                <field name="name">Documents User</field>
                <field name="implied_ids" eval="[(4, ref('base.group_user'))]"/>
                <field name="category_id" ref="documents_portal_management.module_category_documents_portal_management"/>
        </record>
        
        <record id="group_document_manager" model="res.groups">
                <field name="name">Documents Manager</field>
                <field name="implied_ids" eval="[(4, ref('documents_portal_management.group_document_user'))]"/>
                <field name="category_id" ref="documents_portal_management.module_category_documents_portal_management"/>
        </record>

        <record id="ir_attachment_document_user_rule" model="ir.rule">
                <field name="name">Document User : User Documents</field>
                <field ref="model_ir_attachment" name="model_id"/>
                <field name="domain_force">['|',('create_uid','=',user.id),('shared_user_ids','in',[user.id])]</field>
                <field name="groups" eval="[(4, ref('group_document_user'))]"/>
        </record>

        <record id="documents_folder_company_rule" model="ir.rule">
            <field name="name">Documents Folder: Multicompany</field>
            <field name="model_id" ref="model_documents_folders"/>
            <field name="domain_force">['|',('company_id', '=', False), ('company_id', 'child_of', [user.company_id.id])]</field>
        </record>
        
        <record id="document_manager_rule" model="ir.rule">
                <field name="name">Document User : All Documents</field>
                <field ref="model_ir_attachment" name="model_id"/>
                <field name="domain_force">[(1,'=',1)]</field>
                <field name="groups" eval="[(4, ref('group_document_manager'))]"/>
        </record>

    </data>
</odoo>
