<?xml version="1.0" encoding="UTF-8"?>
<odoo>
    <record id="seq_demande" model="ir.sequence">
            <field name="name">Demande</field>
            <field name="code">wk.credit.corporate</field>
            <field name="active">TRUE</field>
            <field name="prefix">CC/%(range_year)s/</field>
            <field name="padding">3</field>
            <field name="number_next">1</field>
            <field name="number_increment">1</field>
            <field name="use_date_range" eval="True" />
        </record>
</odoo>