<?xml version="1.0" ?>
<odoo>
     <record id="module_dept_wk_category" model="ir.module.category">
        <field name="name">Dept Workflow</field>
    </record>
    <record id="module_dept_wk_agence_category" model="ir.module.category">
        <field name="name">الفرع</field>
        <field name="parent_id" ref="module_dept_wk_category"/>
    </record>
    <record id="module_dept_wk_finance_category" model="ir.module.category">
        <field name="name">الاتمان</field>
        <field name="parent_id" ref="module_dept_wk_category"/>
    </record>

    <record id="module_dept_wk_risk_category" model="ir.module.category">
        <field name="name">ادارة المخاطر</field>
        <field name="parent_id" ref="module_dept_wk_category"/>
    </record>

    <record id="module_dept_wk_commercial_category" model="ir.module.category">
        <field name="name">ادارة التجارية</field>
        <field name="parent_id" ref="module_dept_wk_category"/>
    </record>
    <record id="module_dept_wk_administration_category" model="ir.module.category">
        <field name="name">Administration</field>
        <field name="parent_id" ref="module_dept_wk_category"/>
    </record>

    <record id="dept_wk_group_agent_agence" model="res.groups">
        <field name="name">Employée</field>
        <field name="category_id"
           ref="module_dept_wk_agence_category"/>
        <field name="implied_ids"
               eval="[(4, ref('base.group_user'))]"/>
    </record>
    <record id="dept_wk_group_responsable_agence" model="res.groups">
        <field name="name">Responsable</field>
        <field name="category_id"
           ref="module_dept_wk_agence_category"/>
        <field name="implied_ids"
               eval="[(4, ref('dept_wk.dept_wk_group_agent_agence'))]"/>
    </record>

    <record id="dept_wk_group_analyste" model="res.groups">
        <field name="name">Analyste</field>
        <field name="category_id"
           ref="module_dept_wk_finance_category"/>
        <field name="implied_ids"
               eval="[(4, ref('base.group_user'))]"/>
    </record>
    <record id="dept_wk_group_responsable_analyste" model="res.groups">
        <field name="name">Responsable Analyste</field>
        <field name="category_id"
           ref="module_dept_wk_finance_category"/>
        <field name="implied_ids"
               eval="[(4, ref('dept_wk.dept_wk_group_analyste'))]"/>
    </record>

    <record id="dept_wk_group_responsable_credit" model="res.groups">
        <field name="name">Responsable Risque</field>
        <field name="category_id"
           ref="module_dept_wk_risk_category"/>
        <field name="implied_ids"
               eval="[(4, ref('base.group_user'))]"/>
    </record>

    <record id="dept_wk_group_responsable_commercial" model="res.groups">
        <field name="name">Responsable Commercial</field>
        <field name="category_id"
           ref="module_dept_wk_commercial_category"/>
        <field name="implied_ids"
               eval="[(4, ref('base.group_user'))]"/>
    </record>

    <record id="dept_wk_group_administration" model="res.groups">
        <field name="name">Administration</field>
        <field name="category_id"
           ref="module_dept_wk_administration_category"/>
        <field name="implied_ids"
               eval="[(4, ref('base.group_user')),
               (4, ref('dept_wk.dept_wk_group_responsable_commercial')),
               (4, ref('financial_modeling.financial_modeling_group_administration')),
               (4, ref('dept_wk.dept_wk_group_responsable_credit')),
               (4, ref('dept_wk.dept_wk_group_responsable_analyste')),
               (4, ref('dept_wk.dept_wk_group_analyste')),
               (4, ref('dept_wk.dept_wk_group_responsable_agence')),
               (4, ref('dept_wk.dept_wk_group_agent_agence')),]"/>
    </record>
</odoo>