<?xml version="1.0" ?>
<odoo>

    <record id="module_financial_modeling_category" model="ir.module.category">
        <field name="name">Administrateur</field>
    </record>
    <record id="financial_modeling_group_administration" model="res.groups">
        <field name="name">Administrateur</field>
        <field name="category_id"
           ref="module_financial_modeling_category"/>
        <field name="implied_ids"
               eval="[(4, ref('base.group_user'))]"/>
    </record>

</odoo>