<?xml version="1.0" encoding="utf-8"?>
<odoo>

<!--    <record model="ir.actions.server" id="action_get_revenue_forecast">-->
<!--        <field name="name">Prévisions de chiffre d`affaire automatique</field>-->
<!--        <field name="model_id" ref="model_automatic_revenue_forecast"/>-->
<!--        <field name="binding_model_id" ref="model_automatic_revenue_forecast"/>-->
<!--        <field name="state">code</field>-->
<!--        <field name="code">-->
<!--            action = records._action_get_revenue_forecast()-->
<!--        </field>-->
<!--    </record>-->

</odoo>
