<?xml version="1.0" encoding="utf-8"?>
<odoo>
    <data noupdate="1">
        <record id="tcr_1" model="import.ocr.config">
            <field name="name">Ventes de marchandises</field>
            <field name="type">tcr</field>
            <field name="sequence">1</field>
        </record>
        <record id="tcr_2" model="import.ocr.config">
            <field name="name">Production Vendue / Produits Fabriqués</field>
            <field name="type">tcr</field>
            <field name="sequence">2</field>
        </record>
        <record id="tcr_3" model="import.ocr.config">
            <field name="name">Production Vendue / Prestations de services</field>
            <field name="type">tcr</field>
            <field name="sequence">3</field>
        </record>
        <record id="tcr_4" model="import.ocr.config">
            <field name="name">Production Vendue / Vente de travaux</field>
            <field name="type">tcr</field>
            <field name="sequence">4</field>
        </record>
        <record id="tcr_5" model="import.ocr.config">
            <field name="name">Produits annexes</field>
            <field name="type">tcr</field>
            <field name="sequence">5</field>
        </record>
        <record id="tcr_6" model="import.ocr.config">
            <field name="name">Rabais, Remises, Ristournes accordés</field>
            <field name="type">tcr</field>
            <field name="sequence">6</field>
        </record>
        <record id="tcr_7" model="import.ocr.config">
            <field name="name">Chiffre d'affaires net des rabais, Remises, Ristournes</field>
            <field name="type">tcr</field>
            <field name="sequence">7</field>
        </record>
        <record id="tcr_8" model="import.ocr.config">
            <field name="name">Production stockée, déstockée</field>
            <field name="type">tcr</field>
            <field name="sequence">8</field>
        </record>
        <record id="tcr_9" model="import.ocr.config">
            <field name="name">Production immobilisée</field>
            <field name="type">tcr</field>
            <field name="sequence">9</field>
        </record>
        <record id="tcr_10" model="import.ocr.config">
            <field name="name">Subventions d'exploitation</field>
            <field name="type">tcr</field>
            <field name="sequence">10</field>
        </record>
        <record id="tcr_11" model="import.ocr.config">
            <field name="name">Production de l'exercice</field>
            <field name="type">tcr</field>
            <field name="sequence">11</field>
        </record>
        <record id="tcr_12" model="import.ocr.config">
            <field name="name">Achats de marchandises vendues</field>
            <field name="type">tcr</field>
            <field name="sequence">12</field>
        </record>
        <record id="tcr_13" model="import.ocr.config">
            <field name="name">Matières premieres</field>
            <field name="type">tcr</field>
            <field name="sequence">13</field>
        </record>
        <record id="tcr_14" model="import.ocr.config">
            <field name="name">Autres approvisionnements</field>
            <field name="type">tcr</field>
            <field name="sequence">14</field>
        </record>
        <record id="tcr_15" model="import.ocr.config">
            <field name="name">Variations des stocks</field>
            <field name="type">tcr</field>
            <field name="sequence">15</field>
        </record>
        <record id="tcr_16" model="import.ocr.config">
            <field name="name">Achats d'études de prestations de services</field>
            <field name="type">tcr</field>
            <field name="sequence">16</field>
        </record>
        <record id="tcr_17" model="import.ocr.config">
            <field name="name">Autres consommations</field>
            <field name="type">tcr</field>
            <field name="sequence">17</field>
        </record>
        <record id="tcr_18" model="import.ocr.config">
            <field name="name">Rabais, remises, ristournes obtenues sur achats</field>
            <field name="type">tcr</field>
            <field name="sequence">18</field>
        </record>
        <record id="tcr_19" model="import.ocr.config">
            <field name="name">Services éxterieurs/ Sous-traitance générale</field>
            <field name="type">tcr</field>
            <field name="sequence">19</field>
        </record>
        <record id="tcr_20" model="import.ocr.config">
            <field name="name">Services éxterieurs/ Locations</field>
            <field name="type">tcr</field>
            <field name="sequence">20</field>
        </record>
        <record id="tcr_21" model="import.ocr.config">
            <field name="name">Services éxterieurs/ Entretien, réparation et maintenance</field>
            <field name="type">tcr</field>
            <field name="sequence">21</field>
        </record>
        <record id="tcr_22" model="import.ocr.config">
            <field name="name">Services exterieurs/ Primes d'assurances</field>
            <field name="type">tcr</field>
            <field name="sequence">22</field>
        </record>
        <record id="tcr_23" model="import.ocr.config">
            <field name="name">Services éxterieurs/ Personnel exterieur à l'entreprise</field>
            <field name="type">tcr</field>
            <field name="sequence">23</field>
        </record>
        <record id="tcr_24" model="import.ocr.config">
            <field name="name">Services éxterieurs/ Rémunération d'intermédiaires et honoraires</field>
            <field name="type">tcr</field>
            <field name="sequence">24</field>
        </record>
        <record id="tcr_25" model="import.ocr.config">
            <field name="name">Services éxterieurs/ Publicité</field>
            <field name="type">tcr</field>
            <field name="sequence">25</field>
        </record>
        <record id="tcr_26" model="import.ocr.config">
            <field name="name">Services éxterieurs/ Déplacements, missions et réceptions</field>
            <field name="type">tcr</field>
            <field name="sequence">26</field>
        </record>
        <record id="tcr_27" model="import.ocr.config">
            <field name="name">Autres services</field>
            <field name="type">tcr</field>
            <field name="sequence">27</field>
        </record>
        <record id="tcr_28" model="import.ocr.config">
            <field name="name">Rabais, remises, ristournes obtenues sur services extérieurs</field>
            <field name="type">tcr</field>
            <field name="sequence">28</field>
        </record>
        <record id="tcr_29" model="import.ocr.config">
            <field name="name">Consommations de l'exercice</field>
            <field name="type">tcr</field>
            <field name="sequence">29</field>
        </record>
        <record id="tcr_30" model="import.ocr.config">
            <field name="name">Valeur ajoutée d'exploitation (I-II)</field>
            <field name="type">tcr</field>
            <field name="sequence">30</field>
        </record>
        <record id="tcr_31" model="import.ocr.config">
            <field name="name">Charges de personnel</field>
            <field name="type">tcr</field>
            <field name="sequence">31</field>
        </record>
        <record id="tcr_32" model="import.ocr.config">
            <field name="name">Impots et taxes et versements assimilés</field>
            <field name="type">tcr</field>
            <field name="sequence">32</field>
        </record>
        <record id="tcr_33" model="import.ocr.config">
            <field name="name">Excédent brut de l'exploitation</field>
            <field name="type">tcr</field>
            <field name="sequence">33</field>
        </record>
        <record id="tcr_34" model="import.ocr.config">
            <field name="name">Autres produits opérationnels</field>
            <field name="type">tcr</field>
            <field name="sequence">34</field>
        </record>
        <record id="tcr_35" model="import.ocr.config">
            <field name="name">Autres charges opérationnelles</field>
            <field name="type">tcr</field>
            <field name="sequence">35</field>
        </record>
        <record id="tcr_36" model="import.ocr.config">
            <field name="name">Dotations aux amortissements</field>
            <field name="type">tcr</field>
            <field name="sequence">36</field>
        </record>
        <record id="tcr_37" model="import.ocr.config">
            <field name="name">Provision</field>
            <field name="type">tcr</field>
            <field name="sequence">37</field>
        </record>
        <record id="tcr_38" model="import.ocr.config">
            <field name="name">Pertes de valeur</field>
            <field name="type">tcr</field>
            <field name="sequence">38</field>
        </record>
        <record id="tcr_39" model="import.ocr.config">
            <field name="name">Reprise sur pertes de valeur et provisions</field>
            <field name="type">tcr</field>
            <field name="sequence">39</field>
        </record>
        <record id="tcr_40" model="import.ocr.config">
            <field name="name">Résultat opérationnel</field>
            <field name="type">tcr</field>
            <field name="sequence">40</field>
        </record>
        <record id="tcr_41" model="import.ocr.config">
            <field name="name">Produits financiers</field>
            <field name="type">tcr</field>
            <field name="sequence">41</field>
        </record>
        <record id="tcr_42" model="import.ocr.config">
            <field name="name">Charges financières</field>
            <field name="type">tcr</field>
            <field name="sequence">42</field>
        </record>
        <record id="tcr_43" model="import.ocr.config">
            <field name="name">Résultat financier</field>
            <field name="type">tcr</field>
            <field name="sequence">43</field>
        </record>
        <record id="tcr_44" model="import.ocr.config">
            <field name="name">Résultat ordinaire (V+VI)</field>
            <field name="type">tcr</field>
            <field name="sequence">44</field>
        </record>
        <record id="tcr_45" model="import.ocr.config">
            <field name="name">Elements extraordinaires (produits) (*)</field>
            <field name="type">tcr</field>
            <field name="sequence">45</field>
        </record>
        <record id="tcr_46" model="import.ocr.config">
            <field name="name">Elements extraordinaires (charges) (*)</field>
            <field name="type">tcr</field>
            <field name="sequence">46</field>
        </record>
        <record id="tcr_47" model="import.ocr.config">
            <field name="name">Résultat extraordinaire</field>
            <field name="type">tcr</field>
            <field name="sequence">47</field>
        </record>
        <record id="tcr_48" model="import.ocr.config">
            <field name="name">Impots exigibles sur résultats</field>
            <field name="type">tcr</field>
            <field name="sequence">48</field>
        </record>
        <record id="tcr_49" model="import.ocr.config">
            <field name="name">Impots différés (variations) sur résultat ordinaire</field>
            <field name="type">tcr</field>
            <field name="sequence">49</field>
        </record>
        <record id="tcr_50" model="import.ocr.config">
            <field name="name">Résultat  net de l'exercice</field>
            <field name="type">tcr</field>
            <field name="sequence">50</field>
        </record>
        <!-- **** ACTIF ****-->
        <record id="actif_1" model="import.ocr.config">
            <field name="name">Actifs non courants</field>
            <field name="type">actif</field>
            <field name="sequence">1</field>
        </record>
        <record id="actif_2" model="import.ocr.config">
            <field name="name">Ecart d'acquisition-goodwill positif ou négatif</field>
            <field name="type">actif</field>
            <field name="sequence">2</field>
        </record>
        <record id="actif_3" model="import.ocr.config">
            <field name="name">Immobilisations incorporelles</field>
            <field name="type">actif</field>
            <field name="sequence">3</field>
        </record>
        <record id="actif_4" model="import.ocr.config">
            <field name="name">Immobilisations corporelles</field>
            <field name="type">actif</field>
            <field name="sequence">4</field>
        </record>
        <record id="actif_5" model="import.ocr.config">
            <field name="name">Terrains</field>
            <field name="type">actif</field>
            <field name="sequence">5</field>
        </record>
        <record id="actif_6" model="import.ocr.config">
            <field name="name">Batiments</field>
            <field name="type">actif</field>
            <field name="sequence">6</field>
        </record>
        <record id="actif_7" model="import.ocr.config">
            <field name="name">Autres immobilisations corporelles</field>
            <field name="type">actif</field>
            <field name="sequence">7</field>
        </record>
        <record id="actif_8" model="import.ocr.config">
            <field name="name">Immobilisations en concession</field>
            <field name="type">actif</field>
            <field name="sequence">8</field>
        </record>
        <record id="actif_9" model="import.ocr.config">
            <field name="name">Immobilisations encours</field>
            <field name="type">actif</field>
            <field name="sequence">9</field>
        </record>
        <record id="actif_10" model="import.ocr.config">
            <field name="name">Immobilisations financière</field>
            <field name="type">actif</field>
            <field name="sequence">10</field>
        </record>
        <record id="actif_11" model="import.ocr.config">
            <field name="name">Titres mis en équivalence </field>
            <field name="type">actif</field>
            <field name="sequence">11</field>
        </record>
        <record id="actif_12" model="import.ocr.config">
            <field name="name">Autres participations et créances rattachées</field>
            <field name="type">actif</field>
            <field name="sequence">12</field>
        </record>
        <record id="actif_13" model="import.ocr.config">
            <field name="name">Autres titres immobilisés</field>
            <field name="type">actif</field>
            <field name="sequence">13</field>
        </record>
        <record id="actif_14" model="import.ocr.config">
            <field name="name">Prets et autres actifs financiers non courants</field>
            <field name="type">actif</field>
            <field name="sequence">14</field>
        </record>
        <record id="actif_15" model="import.ocr.config">
            <field name="name">Impots différés actif</field>
            <field name="type">actif</field>
            <field name="sequence">15</field>
        </record>
        <record id="actif_16" model="import.ocr.config">
            <field name="name">Total actif non courant</field>
            <field name="type">actif</field>
            <field name="sequence">16</field>
        </record>
        <record id="actif_17" model="import.ocr.config">
            <field name="name">Actif courant</field>
            <field name="type">actif</field>
            <field name="sequence">17</field>
        </record>
        <record id="actif_18" model="import.ocr.config">
            <field name="name">Stocks et encours</field>
            <field name="type">actif</field>
            <field name="sequence">18</field>
        </record>
        <record id="actif_19" model="import.ocr.config">
            <field name="name">Créances et emplois assimilés</field>
            <field name="type">actif</field>
            <field name="sequence">19</field>
        </record>
        <record id="actif_20" model="import.ocr.config">
            <field name="name">Clients</field>
            <field name="type">actif</field>
            <field name="sequence">20</field>
        </record>
        <record id="actif_21" model="import.ocr.config">
            <field name="name">Autres débiteurs</field>
            <field name="type">actif</field>
            <field name="sequence">21</field>
        </record>
        <record id="actif_22" model="import.ocr.config">
            <field name="name">Impots et assimilés</field>
            <field name="type">actif</field>
            <field name="sequence">22</field>
        </record>
        <record id="actif_23" model="import.ocr.config">
            <field name="name">Autres créances et emplois assimilés</field>
            <field name="type">actif</field>
            <field name="sequence">23</field>
        </record>
        <record id="actif_24" model="import.ocr.config">
            <field name="name">Disponibilité et assimilés</field>
            <field name="type">actif</field>
            <field name="sequence">24</field>
        </record>
        <record id="actif_25" model="import.ocr.config">
            <field name="name">Placements et autres actifs financiers courants</field>
            <field name="type">actif</field>
            <field name="sequence">25</field>
        </record>
        <record id="actif_26" model="import.ocr.config">
            <field name="name">Trésorerie</field>
            <field name="type">actif</field>
            <field name="sequence">26</field>
        </record>
        <record id="actif_27" model="import.ocr.config">
            <field name="name">Total Actif courant</field>
            <field name="type">actif</field>
            <field name="sequence">27</field>
        </record>
        <record id="actif_28" model="import.ocr.config">
            <field name="name">Total general actif</field>
            <field name="type">actif</field>
            <field name="sequence">28</field>
        </record>

        <!-- **** PASSIF ****-->
        <record id="passif_1" model="import.ocr.config">
            <field name="name">Capitaux propres</field>
            <field name="type">passif</field>
            <field name="sequence">1</field>
        </record>
        <record id="passif_2" model="import.ocr.config">
            <field name="name">Capital émis</field>
            <field name="type">passif</field>
            <field name="sequence">2</field>
        </record>
        <record id="passif_3" model="import.ocr.config">
            <field name="name">Capital non appelé</field>
            <field name="type">passif</field>
            <field name="sequence">3</field>
        </record>
        <record id="passif_4" model="import.ocr.config">
            <field name="name">Primes et reserves - Reserves consolidées (1)</field>
            <field name="type">passif</field>
            <field name="sequence">4</field>
        </record>
        <record id="passif_5" model="import.ocr.config">
            <field name="name">Ecart de réévaluation</field>
            <field name="type">passif</field>
            <field name="sequence">5</field>
        </record>
        <record id="passif_6" model="import.ocr.config">
            <field name="name">Ecart d'équivalence (1)</field>
            <field name="type">passif</field>
            <field name="sequence">6</field>
        </record>
        <record id="passif_7" model="import.ocr.config">
            <field name="name">Résultat net - Résultat net part du groupe (1)</field>
            <field name="type">passif</field>
            <field name="sequence">7</field>
        </record>
        <record id="passif_8" model="import.ocr.config">
            <field name="name">Autres capitaux propres - Report à nouveau</field>
            <field name="type">passif</field>
            <field name="sequence">8</field>
        </record>
        <record id="passif_9" model="import.ocr.config">
            <field name="name">Part de la société consolidante (1)</field>
            <field name="type">passif</field>
            <field name="sequence">9</field>
        </record>
        <record id="passif_10" model="import.ocr.config">
            <field name="name">Part des minoritaires (1)</field>
            <field name="type">passif</field>
            <field name="sequence">10</field>
        </record>
        <record id="passif_11" model="import.ocr.config">
            <field name="name">Capitaux propres</field>
            <field name="type">passif</field>
            <field name="sequence">11</field>
        </record>
        <record id="passif_12" model="import.ocr.config">
            <field name="name">Total I</field>
            <field name="type">passif</field>
            <field name="sequence">12</field>
        </record>
        <record id="passif_13" model="import.ocr.config">
            <field name="name">Passifs non courants</field>
            <field name="type">passif</field>
            <field name="sequence">13</field>
        </record>
        <record id="passif_14" model="import.ocr.config">
            <field name="name">Emprunts et dettes financières</field>
            <field name="type">passif</field>
            <field name="sequence">14</field>
        </record>
        <record id="passif_15" model="import.ocr.config">
            <field name="name">Impots (différés et provisionnés)</field>
            <field name="type">passif</field>
            <field name="sequence">15</field>
        </record>
        <record id="passif_16" model="import.ocr.config">
            <field name="name">Autres dettes non courantes</field>
            <field name="type">passif</field>
            <field name="sequence">16</field>
        </record>
        <record id="passif_17" model="import.ocr.config">
            <field name="name">Provisions et produits constatés d'avance</field>
            <field name="type">passif</field>
            <field name="sequence">17</field>
        </record>
        <record id="passif_18" model="import.ocr.config">
            <field name="name">Total II</field>
            <field name="type">passif</field>
            <field name="sequence">18</field>
        </record>
        <record id="passif_19" model="import.ocr.config">
            <field name="name">Passifs courants</field>
            <field name="type">passif</field>
            <field name="sequence">19</field>
        </record>
        <record id="passif_20" model="import.ocr.config">
            <field name="name">Fournisseurs et comptes rattachés</field>
            <field name="type">passif</field>
            <field name="sequence">20</field>
        </record>
        <record id="passif_21" model="import.ocr.config">
            <field name="name">Impots</field>
            <field name="type">passif</field>
            <field name="sequence">21</field>
        </record>
        <record id="passif_22" model="import.ocr.config">
            <field name="name">Autres dettes</field>
            <field name="type">passif</field>
            <field name="sequence">22</field>
        </record>
        <record id="passif_23" model="import.ocr.config">
            <field name="name">Trésorerie passifs</field>
            <field name="type">passif</field>
            <field name="sequence">23</field>
        </record>
        <record id="passif_24" model="import.ocr.config">
            <field name="name">Total III</field>
            <field name="type">passif</field>
            <field name="sequence">24</field>
        </record>
        <record id="passif_25" model="import.ocr.config">
            <field name="name">Total General Passif (I+II+III)</field>
            <field name="type">passif</field>
            <field name="sequence">25</field>
        </record>
    </data>
</odoo>