<?xml version="1.0" encoding="utf-8"?>
<odoo>
    <data noupdate="1">
        <!-- List type credit -->
        <record id="decision_cell_1" model="wk.decision.cell">
            <field name="name">لجنة التسهيلات المصغرة</field>
        </record>
        <record id="decision_cell_2" model="wk.decision.cell">
            <field name="name">لجنة التسهيلات</field>
        </record>
        <record id="decision_cell_3" model="wk.decision.cell">
            <field name="name">لجنة التمويلات</field>
        </record>
        <record id="decision_cell_4" model="wk.decision.cell">
            <field name="name">مجلس الادارة</field>
        </record>
    </data>
    <data noupdate="1">
        <record id="001" model="wk.banque">
            <field name="name">BNA</field>
            <field name="code">001</field>
        </record>
        <record id="002" model="wk.banque">
            <field name="name">BEA</field>
            <field name="code">002</field>

        </record>
        <record id="003" model="wk.banque">
            <field name="name">BADR</field>
            <field name="code">003</field>

        </record>
        <record id="004" model="wk.banque">
            <field name="name">CPA</field>
            <field name="code">004</field>

        </record>
        <record id="005" model="wk.banque">
            <field name="name">BDL</field>
            <field name="code">005</field>

        </record>
        <record id="006" model="wk.banque">
            <field name="name">Al Baraka Bank</field>
            <field name="code">006</field>

        </record>

        <record id="011" model="wk.banque">
            <field name="name">CNEP Banque</field>
            <field name="code">011</field>
        </record>
        <record id="012" model="wk.banque">
            <field name="name">CITIBANK Algérie</field>
            <field name="code">012</field>
        </record>
        <record id="014" model="wk.banque">
            <field name="name">CITIBANK Algérie</field>
            <field name="code">014</field>
        </record>
        <record id="020" model="wk.banque">
            <field name="name">Natixis Algérie</field>
            <field name="code">020</field>
        </record>
        <record id="021" model="wk.banque">
            <field name="name">Société Générale Algérie</field>
            <field name="code">021</field>
        </record>
        <record id="026" model="wk.banque">
            <field name="name">Arab Bank Algeria</field>
            <field name="code">026</field>

        </record>
        <record id="027" model="wk.banque">
            <field name="name">BNP Paribas El Djazaïr</field>
            <field name="code">027</field>

        </record>
        <record id="029" model="wk.banque">
            <field name="name">Trust Bank Algeria</field>
            <field name="code">029</field>

        </record>
        <record id="031" model="wk.banque">
            <field name="name">Housing Bank Algeria</field>
            <field name="code">031</field>

        </record>
        <record id="032" model="wk.banque">
            <field name="name">Algeria Gulf Bank</field>
            <field name="code">032</field>

        </record>
        <record id="035" model="wk.banque">
            <field name="name">FRANSABANK El Djazaïr</field>
            <field name="code">035</field>

        </record>
        <record id="037" model="wk.banque">
            <field name="name">HSBC Algérie</field>
            <field name="code">037</field>

        </record>
        <record id="038" model="wk.banque">
            <field name="name">Al Salam Bank Algeria</field>
            <field name="code">038</field>
        </record>
    </data>
</odoo>