<?xml version="1.0" encoding="utf-8"?>
<odoo>
    <data noupdate="1">
        <record id="seq_ir_attachemnt" model="ir.sequence">
            <field name="name">Ir Attachment</field>
            <field name="code">ir.attachment.code</field>
            <field name="prefix">DOC/%(year)s/</field>
            <field name="padding">4</field>            
            <field eval="1" name="number_next"/>
            <field eval="1" name="number_increment"/>
            <field name="company_id" eval="False"/>
        </record>
    </data>
</odoo>