<?xml version="1.0" encoding="utf-8"?>
<odoo>
    <data noupdate="0">

        <record id="email_template_attachments" model="mail.template">
            <field name="name">Attachment : Send by Email</field>
            <field name="model_id" ref="base.model_ir_attachment"/>
            <field name="subject">{{object.name}}</field>            
            <field name="email_from">{{ object.company_id.email }}</field>        
            <field name="partner_to"></field>
            <field name="auto_delete" eval="True"/> 
            <field name="body_html" type="xml">
                <div style="margin: 0px; padding: 0px;">
                    <p style="margin: 0px; padding: 0px; font-size: 13px;">
                        Hello,<br/><br/>
                        Please find the attached document for your reference.
                       
                        <br /><br />
                        Do not hesitate to contact us if you have any questions.
                        <br/><br/>
                        Best regards,

                        <t t-if="user.signature">
                            <br/>
                            <t t-out="user.signature or ''"/>
                       </t>
                    </p>
                </div>
            </field>
        </record>

    </data>
</odoo>
